title,link,guid,pubDate
Formula.1.2026x126.R24.AbuDhabiGP.Race.F1TV.1080p.SS,magnet:?xt=urn:btih:6153af3c59e518e6e9939becd5c16f5833705a69&dn=Formula.1.2026x126.R24.AbuDhabiGP.Race.F1TV.1080p.SS&tr=udp%3A%2F%2Ftracker.opentrackr.org%3A1337%2Fannounce&tr=udp%3A%2F%2Fopen.demonii.com%3A1337%2Fannounce&tr=udp%3A%2F%2Fopen.stealth.si%3A80%2Fannounce&tr=udp%3A%2F%2Fexodus.desync.com%3A6969%2Fannounce&tr=https%3A%2F%2Ftorrent.tracker.durukanbal.com%3A443%2Fannounce&tr=udp%3A%2F%2Ftracker1.myporn.club%3A9337%2Fannounce&tr=udp%3A%2F%2Ftracker.torrent.eu.org%3A451%2Fannounce&tr=udp%3A%2F%2Ftracker.theoks.net%3A6969%2Fannounce&tr=udp%3A%2F%2Ftracker.srv00.com%3A6969%2Fannounce&tr=udp%3A%2F%2Ftracker.filemail.com%3A6969%2Fannounce&tr=udp%3A%2F%2Ftracker.dler.org%3A6969%2Fannounce&tr=udp%3A%2F%2Ftracker.corpscorp.online%3A80%2Fannounce&tr=udp%3A%2F%2Ftracker.alaskantf.com%3A6969%2Fannounce&tr=udp%3A%2F%2Ftracker-udp.gbitt.info%3A80%2Fannounce&tr=udp%3A%2F%2Ft.overflow.biz%3A6969%2Fannounce&tr=udp%3A%2F%2Fopen.dstud.io%3A6969%2Fannounce&tr=udp%3A%2F%2Fleet-tracker.moe%3A1337%2Fannounce&tr=udp%3A%2F%2Fexplodie.org%3A6969%2Fannounce&tr=udp%3A%2F%2Fbittorrent-tracker.e-n-c-r-y-p-t.net%3A1337%2Fannounce&tr=udp%3A%2F%2F6ahddutb1ucc3cp.ru%3A6969%2Fannounce&tr=https%3A%2F%2Ftracker.bt4g.com%3A443%2Fannounce,6153af3c59e518e6e9939becd5c16f5833705a69,07 Dec 2026 16:18:26 +0000
Formula.1.2026x125.R24.AbuDhabiGP.Qualifying.F1TV.1080p.SS,magnet:?xt=urn:btih:ab59e1723f1cc79840dec3f7d83dfd0dda11a6fe&dn=Formula.1.2026x125.R24.AbuDhabiGP.Qualifying.F1TV.1080p.SS&tr=udp%3A%2F%2Ftracker.opentrackr.org%3A1337%2Fannounce&tr=udp%3A%2F%2Fopen.demonii.com%3A1337%2Fannounce&tr=udp%3A%2F%2Fopen.stealth.si%3A80%2Fannounce&tr=udp%3A%2F%2Fexodus.desync.com%3A6969%2Fannounce&tr=https%3A%2F%2Ftorrent.tracker.durukanbal.com%3A443%2Fannounce&tr=udp%3A%2F%2Ftracker1.myporn.club%3A9337%2Fannounce&tr=udp%3A%2F%2Ftracker.torrent.eu.org%3A451%2Fannounce&tr=udp%3A%2F%2Ftracker.theoks.net%3A6969%2Fannounce&tr=udp%3A%2F%2Ftracker.srv00.com%3A6969%2Fannounce&tr=udp%3A%2F%2Ftracker.filemail.com%3A6969%2Fannounce&tr=udp%3A%2F%2Ftracker.dler.org%3A6969%2Fannounce&tr=udp%3A%2F%2Ftracker.corpscorp.online%3A80%2Fannounce&tr=udp%3A%2F%2Ftracker.alaskantf.com%3A6969%2Fannounce&tr=udp%3A%2F%2Ftracker-udp.gbitt.info%3A80%2Fannounce&tr=udp%3A%2F%2Ft.overflow.biz%3A6969%2Fannounce&tr=udp%3A%2F%2Fopen.dstud.io%3A6969%2Fannounce&tr=udp%3A%2F%2Fleet-tracker.moe%3A1337%2Fannounce&tr=udp%3A%2F%2Fexplodie.org%3A6969%2Fannounce&tr=udp%3A%2F%2Fbittorrent-tracker.e-n-c-r-y-p-t.net%3A1337%2Fannounce&tr=udp%3A%2F%2F6ahddutb1ucc3cp.ru%3A6969%2Fannounce&tr=https%3A%2F%2Ftracker.bt4g.com%3A443%2Fannounce,ab59e1723f1cc79840dec3f7d83dfd0dda11a6fe,06 Dec 2026 23:32:59 +0000
Formula.1.2026x121.R23.QatarGP.Race.F1TV.1080p.SS,magnet:?xt=urn:btih:becb4e510ae678056185169a5dc25cbee91e5491&dn=Formula.1.2026x121.R23.QatarGP.Race.F1TV.1080p.SS&tr=udp%3A%2F%2Ftracker.opentrackr.org%3A1337%2Fannounce&tr=udp%3A%2F%2Fopen.demonii.com%3A1337%2Fannounce&tr=udp%3A%2F%2Fopen.stealth.si%3A80%2Fannounce&tr=udp%3A%2F%2Fexodus.desync.com%3A6969%2Fannounce&tr=https%3A%2F%2Ftorrent.tracker.durukanbal.com%3A443%2Fannounce&tr=udp%3A%2F%2Ftracker1.myporn.club%3A9337%2Fannounce&tr=udp%3A%2F%2Ftracker.torrent.eu.org%3A451%2Fannounce&tr=udp%3A%2F%2Ftracker.theoks.net%3A6969%2Fannounce&tr=udp%3A%2F%2Ftracker.srv00.com%3A6969%2Fannounce&tr=udp%3A%2F%2Ftracker.filemail.com%3A6969%2Fannounce&tr=udp%3A%2F%2Ftracker.dler.org%3A6969%2Fannounce&tr=udp%3A%2F%2Ftracker.corpscorp.online%3A80%2Fannounce&tr=udp%3A%2F%2Ftracker.alaskantf.com%3A6969%2Fannounce&tr=udp%3A%2F%2Ftracker-udp.gbitt.info%3A80%2Fannounce&tr=udp%3A%2F%2Ft.overflow.biz%3A6969%2Fannounce&tr=udp%3A%2F%2Fopen.dstud.io%3A6969%2Fannounce&tr=udp%3A%2F%2Fleet-tracker.moe%3A1337%2Fannounce&tr=udp%3A%2F%2Fexplodie.org%3A6969%2Fannounce&tr=udp%3A%2F%2Fbittorrent-tracker.e-n-c-r-y-p-t.net%3A1337%2Fannounce&tr=udp%3A%2F%2F6ahddutb1ucc3cp.ru%3A6969%2Fannounce&tr=https%3A%2F%2Ftracker.bt4g.com%3A443%2Fannounce,becb4e510ae678056185169a5dc25cbee91e5491,30 Nov 2026 18:40:59 +0000
Formula.1.2026x120.R23.QatarGP.Qualifying.F1TV.1080p.SS,magnet:?xt=urn:btih:8793047777c7b36814c18af4dd1e7299ce9da243&dn=Formula.1.2026x120.R23.QatarGP.Qualifying.F1TV.1080p.SS&tr=udp%3A%2F%2Ftracker.opentrackr.org%3A1337%2Fannounce&tr=udp%3A%2F%2Fopen.demonii.com%3A1337%2Fannounce&tr=udp%3A%2F%2Fopen.stealth.si%3A80%2Fannounce&tr=udp%3A%2F%2Fexodus.desync.com%3A6969%2Fannounce&tr=https%3A%2F%2Ftorrent.tracker.durukanbal.com%3A443%2Fannounce&tr=udp%3A%2F%2Ftracker1.myporn.club%3A9337%2Fannounce&tr=udp%3A%2F%2Ftracker.torrent.eu.org%3A451%2Fannounce&tr=udp%3A%2F%2Ftracker.theoks.net%3A6969%2Fannounce&tr=udp%3A%2F%2Ftracker.srv00.com%3A6969%2Fannounce&tr=udp%3A%2F%2Ftracker.filemail.com%3A6969%2Fannounce&tr=udp%3A%2F%2Ftracker.dler.org%3A6969%2Fannounce&tr=udp%3A%2F%2Ftracker.corpscorp.online%3A80%2Fannounce&tr=udp%3A%2F%2Ftracker.alaskantf.com%3A6969%2Fannounce&tr=udp%3A%2F%2Ftracker-udp.gbitt.info%3A80%2Fannounce&tr=udp%3A%2F%2Ft.overflow.biz%3A6969%2Fannounce&tr=udp%3A%2F%2Fopen.dstud.io%3A6969%2Fannounce&tr=udp%3A%2F%2Fleet-tracker.moe%3A1337%2Fannounce&tr=udp%3A%2F%2Fexplodie.org%3A6969%2Fannounce&tr=udp%3A%2F%2Fbittorrent-tracker.e-n-c-r-y-p-t.net%3A1337%2Fannounce&tr=udp%3A%2F%2F6ahddutb1ucc3cp.ru%3A6969%2Fannounce&tr=https%3A%2F%2Ftracker.bt4g.com%3A443%2Fannounce,8793047777c7b36814c18af4dd1e7299ce9da243,29 Nov 2026 23:02:53 +0000
Formula.1.2026x119.R23.QatarGP.Sprint.F1TV.1080p.SS,magnet:?xt=urn:btih:23fc2d2eee1d7f2614e41e43b6511ffa371fe05a&dn=Formula.1.2026x119.R23.QatarGP.Sprint.F1TV.1080p.SS&tr=udp%3A%2F%2Ftracker.opentrackr.org%3A1337%2Fannounce&tr=udp%3A%2F%2Fopen.demonii.com%3A1337%2Fannounce&tr=udp%3A%2F%2Fopen.stealth.si%3A80%2Fannounce&tr=udp%3A%2F%2Fexodus.desync.com%3A6969%2Fannounce&tr=https%3A%2F%2Ftorrent.tracker.durukanbal.com%3A443%2Fannounce&tr=udp%3A%2F%2Ftracker1.myporn.club%3A9337%2Fannounce&tr=udp%3A%2F%2Ftracker.torrent.eu.org%3A451%2Fannounce&tr=udp%3A%2F%2Ftracker.theoks.net%3A6969%2Fannounce&tr=udp%3A%2F%2Ftracker.srv00.com%3A6969%2Fannounce&tr=udp%3A%2F%2Ftracker.filemail.com%3A6969%2Fannounce&tr=udp%3A%2F%2Ftracker.dler.org%3A6969%2Fannounce&tr=udp%3A%2F%2Ftracker.corpscorp.online%3A80%2Fannounce&tr=udp%3A%2F%2Ftracker.alaskantf.com%3A6969%2Fannounce&tr=udp%3A%2F%2Ftracker-udp.gbitt.info%3A80%2Fannounce&tr=udp%3A%2F%2Ft.overflow.biz%3A6969%2Fannounce&tr=udp%3A%2F%2Fopen.dstud.io%3A6969%2Fannounce&tr=udp%3A%2F%2Fleet-tracker.moe%3A1337%2Fannounce&tr=udp%3A%2F%2Fexplodie.org%3A6969%2Fannounce&tr=udp%3A%2F%2Fbittorrent-tracker.e-n-c-r-y-p-t.net%3A1337%2Fannounce&tr=udp%3A%2F%2F6ahddutb1ucc3cp.ru%3A6969%2Fannounce&tr=https%3A%2F%2Ftracker.bt4g.com%3A443%2Fannounce,23fc2d2eee1d7f2614e41e43b6511ffa371fe05a,29 Nov 2026 17:00:08 +0000
Formula.1.2026x118.R23.QatarGP.Sprint.Qualifying.F1TV.1080p.SS,magnet:?xt=urn:btih:454ac5455e76e2cf18f68f2e2df8909461092450&dn=Formula.1.2026x118.R23.QatarGP.Sprint.Qualifying.F1TV.1080p.SS&tr=udp%3A%2F%2Ftracker.opentrackr.org%3A1337%2Fannounce&tr=udp%3A%2F%2Fopen.demonii.com%3A1337%2Fannounce&tr=udp%3A%2F%2Fopen.stealth.si%3A80%2Fannounce&tr=udp%3A%2F%2Fexodus.desync.com%3A6969%2Fannounce&tr=https%3A%2F%2Ftorrent.tracker.durukanbal.com%3A443%2Fannounce&tr=udp%3A%2F%2Ftracker1.myporn.club%3A9337%2Fannounce&tr=udp%3A%2F%2Ftracker.torrent.eu.org%3A451%2Fannounce&tr=udp%3A%2F%2Ftracker.theoks.net%3A6969%2Fannounce&tr=udp%3A%2F%2Ftracker.srv00.com%3A6969%2Fannounce&tr=udp%3A%2F%2Ftracker.filemail.com%3A6969%2Fannounce&tr=udp%3A%2F%2Ftracker.dler.org%3A6969%2Fannounce&tr=udp%3A%2F%2Ftracker.corpscorp.online%3A80%2Fannounce&tr=udp%3A%2F%2Ftracker.alaskantf.com%3A6969%2Fannounce&tr=udp%3A%2F%2Ftracker-udp.gbitt.info%3A80%2Fannounce&tr=udp%3A%2F%2Ft.overflow.biz%3A6969%2Fannounce&tr=udp%3A%2F%2Fopen.dstud.io%3A6969%2Fannounce&tr=udp%3A%2F%2Fleet-tracker.moe%3A1337%2Fannounce&tr=udp%3A%2F%2Fexplodie.org%3A6969%2Fannounce&tr=udp%3A%2F%2Fbittorrent-tracker.e-n-c-r-y-p-t.net%3A1337%2Fannounce&tr=udp%3A%2F%2F6ahddutb1ucc3cp.ru%3A6969%2Fannounce&tr=https%3A%2F%2Ftracker.bt4g.com%3A443%2Fannounce,454ac5455e76e2cf18f68f2e2df8909461092450,28 Nov 2026 19:15:53 +0000
Formula.1.2026x126.R24.AbuDhabiGP.Race.MULTi.1080p.SS,magnet:?xt=urn:btih:0bb481aee4e25b4f46e3359904e3eac3f914fd4c&dn=Formula.1.2026x126.R24.AbuDhabiGP.Race.MULTi.1080p.SS&tr=udp%3A%2F%2Ftracker.opentrackr.org%3A1337%2Fannounce&tr=udp%3A%2F%2Fopen.demonii.com%3A1337%2Fannounce&tr=udp%3A%2F%2Fopen.stealth.si%3A80%2Fannounce&tr=udp%3A%2F%2Fexodus.desync.com%3A6969%2Fannounce&tr=https%3A%2F%2Ftorrent.tracker.durukanbal.com%3A443%2Fannounce&tr=udp%3A%2F%2Ftracker1.myporn.club%3A9337%2Fannounce&tr=udp%3A%2F%2Ftracker.torrent.eu.org%3A451%2Fannounce&tr=udp%3A%2F%2Ftracker.theoks.net%3A6969%2Fannounce&tr=udp%3A%2F%2Ftracker.srv00.com%3A6969%2Fannounce&tr=udp%3A%2F%2Ftracker.filemail.com%3A6969%2Fannounce&tr=udp%3A%2F%2Ftracker.dler.org%3A6969%2Fannounce&tr=udp%3A%2F%2Ftracker.corpscorp.online%3A80%2Fannounce&tr=udp%3A%2F%2Ftracker.alaskantf.com%3A6969%2Fannounce&tr=udp%3A%2F%2Ftracker-udp.gbitt.info%3A80%2Fannounce&tr=udp%3A%2F%2Ft.overflow.biz%3A6969%2Fannounce&tr=udp%3A%2F%2Fopen.dstud.io%3A6969%2Fannounce&tr=udp%3A%2F%2Fleet-tracker.moe%3A1337%2Fannounce&tr=udp%3A%2F%2Fexplodie.org%3A6969%2Fannounce&tr=udp%3A%2F%2Fbittorrent-tracker.e-n-c-r-y-p-t.net%3A1337%2Fannounce&tr=udp%3A%2F%2F6ahddutb1ucc3cp.ru%3A6969%2Fannounce&tr=https%3A%2F%2Ftracker.bt4g.com%3A443%2Fannounce,0bb481aee4e25b4f46e3359904e3eac3f914fd4c,07 Dec 2026 15:23:09 +0000
Formula.1.2026x125.R24.AbuDhabiGP.Qualifying.MULTi.1080p.SS,magnet:?xt=urn:btih:a05263743db43060369189da17bd5fb73830314d&dn=Formula.1.2026x125.R24.AbuDhabiGP.Qualifying.MULTi.1080p.SS&tr=udp%3A%2F%2Ftracker.opentrackr.org%3A1337%2Fannounce&tr=udp%3A%2F%2Fopen.demonii.com%3A1337%2Fannounce&tr=udp%3A%2F%2Fopen.stealth.si%3A80%2Fannounce&tr=udp%3A%2F%2Fexodus.desync.com%3A6969%2Fannounce&tr=https%3A%2F%2Ftorrent.tracker.durukanbal.com%3A443%2Fannounce&tr=udp%3A%2F%2Ftracker1.myporn.club%3A9337%2Fannounce&tr=udp%3A%2F%2Ftracker.torrent.eu.org%3A451%2Fannounce&tr=udp%3A%2F%2Ftracker.theoks.net%3A6969%2Fannounce&tr=udp%3A%2F%2Ftracker.srv00.com%3A6969%2Fannounce&tr=udp%3A%2F%2Ftracker.filemail.com%3A6969%2Fannounce&tr=udp%3A%2F%2Ftracker.dler.org%3A6969%2Fannounce&tr=udp%3A%2F%2Ftracker.corpscorp.online%3A80%2Fannounce&tr=udp%3A%2F%2Ftracker.alaskantf.com%3A6969%2Fannounce&tr=udp%3A%2F%2Ftracker-udp.gbitt.info%3A80%2Fannounce&tr=udp%3A%2F%2Ft.overflow.biz%3A6969%2Fannounce&tr=udp%3A%2F%2Fopen.dstud.io%3A6969%2Fannounce&tr=udp%3A%2F%2Fleet-tracker.moe%3A1337%2Fannounce&tr=udp%3A%2F%2Fexplodie.org%3A6969%2Fannounce&tr=udp%3A%2F%2Fbittorrent-tracker.e-n-c-r-y-p-t.net%3A1337%2Fannounce&tr=udp%3A%2F%2F6ahddutb1ucc3cp.ru%3A6969%2Fannounce&tr=https%3A%2F%2Ftracker.bt4g.com%3A443%2Fannounce,a05263743db43060369189da17bd5fb73830314d,07 Dec 2026 10:35:22 +0000
Formula.1.2026x121.R23.QatarGP.Race.MULTi.1080p.SS,magnet:?xt=urn:btih:adfc392d8548fc9c941c592508d12411108c2e54&dn=Formula.1.2026x121.R23.QatarGP.Race.MULTi.1080p.SS&tr=udp%3A%2F%2Ftracker.opentrackr.org%3A1337%2Fannounce&tr=udp%3A%2F%2Fopen.demonii.com%3A1337%2Fannounce&tr=udp%3A%2F%2Fopen.stealth.si%3A80%2Fannounce&tr=udp%3A%2F%2Fexodus.desync.com%3A6969%2Fannounce&tr=https%3A%2F%2Ftorrent.tracker.durukanbal.com%3A443%2Fannounce&tr=udp%3A%2F%2Ftracker1.myporn.club%3A9337%2Fannounce&tr=udp%3A%2F%2Ftracker.torrent.eu.org%3A451%2Fannounce&tr=udp%3A%2F%2Ftracker.theoks.net%3A6969%2Fannounce&tr=udp%3A%2F%2Ftracker.srv00.com%3A6969%2Fannounce&tr=udp%3A%2F%2Ftracker.filemail.com%3A6969%2Fannounce&tr=udp%3A%2F%2Ftracker.dler.org%3A6969%2Fannounce&tr=udp%3A%2F%2Ftracker.corpscorp.online%3A80%2Fannounce&tr=udp%3A%2F%2Ftracker.alaskantf.com%3A6969%2Fannounce&tr=udp%3A%2F%2Ftracker-udp.gbitt.info%3A80%2Fannounce&tr=udp%3A%2F%2Ft.overflow.biz%3A6969%2Fannounce&tr=udp%3A%2F%2Fopen.dstud.io%3A6969%2Fannounce&tr=udp%3A%2F%2Fleet-tracker.moe%3A1337%2Fannounce&tr=udp%3A%2F%2Fexplodie.org%3A6969%2Fannounce&tr=udp%3A%2F%2Fbittorrent-tracker.e-n-c-r-y-p-t.net%3A1337%2Fannounce&tr=udp%3A%2F%2F6ahddutb1ucc3cp.ru%3A6969%2Fannounce&tr=https%3A%2F%2Ftracker.bt4g.com%3A443%2Fannounce,adfc392d8548fc9c941c592508d12411108c2e54,30 Nov 2026 18:25:29 +0000
Formula.1.2026x120.R23.QatarGP.Qualifying.MULTi.1080p.SS,magnet:?xt=urn:btih:fbd5fc330e216490b987faecd4721170aefe3825&dn=Formula.1.2026x120.R23.QatarGP.Qualifying.MULTi.1080p.SS&tr=udp%3A%2F%2Ftracker.opentrackr.org%3A1337%2Fannounce&tr=udp%3A%2F%2Fopen.demonii.com%3A1337%2Fannounce&tr=udp%3A%2F%2Fopen.stealth.si%3A80%2Fannounce&tr=udp%3A%2F%2Fexodus.desync.com%3A6969%2Fannounce&tr=https%3A%2F%2Ftorrent.tracker.durukanbal.com%3A443%2Fannounce&tr=udp%3A%2F%2Ftracker1.myporn.club%3A9337%2Fannounce&tr=udp%3A%2F%2Ftracker.torrent.eu.org%3A451%2Fannounce&tr=udp%3A%2F%2Ftracker.theoks.net%3A6969%2Fannounce&tr=udp%3A%2F%2Ftracker.srv00.com%3A6969%2Fannounce&tr=udp%3A%2F%2Ftracker.filemail.com%3A6969%2Fannounce&tr=udp%3A%2F%2Ftracker.dler.org%3A6969%2Fannounce&tr=udp%3A%2F%2Ftracker.corpscorp.online%3A80%2Fannounce&tr=udp%3A%2F%2Ftracker.alaskantf.com%3A6969%2Fannounce&tr=udp%3A%2F%2Ftracker-udp.gbitt.info%3A80%2Fannounce&tr=udp%3A%2F%2Ft.overflow.biz%3A6969%2Fannounce&tr=udp%3A%2F%2Fopen.dstud.io%3A6969%2Fannounce&tr=udp%3A%2F%2Fleet-tracker.moe%3A1337%2Fannounce&tr=udp%3A%2F%2Fexplodie.org%3A6969%2Fannounce&tr=udp%3A%2F%2Fbittorrent-tracker.e-n-c-r-y-p-t.net%3A1337%2Fannounce&tr=udp%3A%2F%2F6ahddutb1ucc3cp.ru%3A6969%2Fannounce&tr=https%3A%2F%2Ftracker.bt4g.com%3A443%2Fannounce,fbd5fc330e216490b987faecd4721170aefe3825,29 Nov 2026 20:01:16 +0000
Formula.1.2026x119.R23.QatarGP.Sprint.MULTi.1080p.SS,magnet:?xt=urn:btih:84529723a24248061f178fa131f1267b51cab4e6&dn=Formula.1.2026x119.R23.QatarGP.Sprint.MULTi.1080p.SS&tr=udp%3A%2F%2Ftracker.opentrackr.org%3A1337%2Fannounce&tr=udp%3A%2F%2Fopen.demonii.com%3A1337%2Fannounce&tr=udp%3A%2F%2Fopen.stealth.si%3A80%2Fannounce&tr=udp%3A%2F%2Fexodus.desync.com%3A6969%2Fannounce&tr=https%3A%2F%2Ftorrent.tracker.durukanbal.com%3A443%2Fannounce&tr=udp%3A%2F%2Ftracker1.myporn.club%3A9337%2Fannounce&tr=udp%3A%2F%2Ftracker.torrent.eu.org%3A451%2Fannounce&tr=udp%3A%2F%2Ftracker.theoks.net%3A6969%2Fannounce&tr=udp%3A%2F%2Ftracker.srv00.com%3A6969%2Fannounce&tr=udp%3A%2F%2Ftracker.filemail.com%3A6969%2Fannounce&tr=udp%3A%2F%2Ftracker.dler.org%3A6969%2Fannounce&tr=udp%3A%2F%2Ftracker.corpscorp.online%3A80%2Fannounce&tr=udp%3A%2F%2Ftracker.alaskantf.com%3A6969%2Fannounce&tr=udp%3A%2F%2Ftracker-udp.gbitt.info%3A80%2Fannounce&tr=udp%3A%2F%2Ft.overflow.biz%3A6969%2Fannounce&tr=udp%3A%2F%2Fopen.dstud.io%3A6969%2Fannounce&tr=udp%3A%2F%2Fleet-tracker.moe%3A1337%2Fannounce&tr=udp%3A%2F%2Fexplodie.org%3A6969%2Fannounce&tr=udp%3A%2F%2Fbittorrent-tracker.e-n-c-r-y-p-t.net%3A1337%2Fannounce&tr=udp%3A%2F%2F6ahddutb1ucc3cp.ru%3A6969%2Fannounce&tr=https%3A%2F%2Ftracker.bt4g.com%3A443%2Fannounce,84529723a24248061f178fa131f1267b51cab4e6,29 Nov 2026 15:19:07 +0000
Formula.1.2026x118.R23.QatarGP.Sprint.Qualifying.MULTi.1080p.SS,magnet:?xt=urn:btih:075b7d03ca4f96bae1b0d9efbaf7bd9411821ffe&dn=Formula.1.2026x118.R23.QatarGP.Sprint.Qualifying.MULTi.1080p.SS&tr=udp%3A%2F%2Ftracker.opentrackr.org%3A1337%2Fannounce&tr=udp%3A%2F%2Fopen.demonii.com%3A1337%2Fannounce&tr=udp%3A%2F%2Fopen.stealth.si%3A80%2Fannounce&tr=udp%3A%2F%2Fexodus.desync.com%3A6969%2Fannounce&tr=https%3A%2F%2Ftorrent.tracker.durukanbal.com%3A443%2Fannounce&tr=udp%3A%2F%2Ftracker1.myporn.club%3A9337%2Fannounce&tr=udp%3A%2F%2Ftracker.torrent.eu.org%3A451%2Fannounce&tr=udp%3A%2F%2Ftracker.theoks.net%3A6969%2Fannounce&tr=udp%3A%2F%2Ftracker.srv00.com%3A6969%2Fannounce&tr=udp%3A%2F%2Ftracker.filemail.com%3A6969%2Fannounce&tr=udp%3A%2F%2Ftracker.dler.org%3A6969%2Fannounce&tr=udp%3A%2F%2Ftracker.corpscorp.online%3A80%2Fannounce&tr=udp%3A%2F%2Ftracker.alaskantf.com%3A6969%2Fannounce&tr=udp%3A%2F%2Ftracker-udp.gbitt.info%3A80%2Fannounce&tr=udp%3A%2F%2Ft.overflow.biz%3A6969%2Fannounce&tr=udp%3A%2F%2Fopen.dstud.io%3A6969%2Fannounce&tr=udp%3A%2F%2Fleet-tracker.moe%3A1337%2Fannounce&tr=udp%3A%2F%2Fexplodie.org%3A6969%2Fannounce&tr=udp%3A%2F%2Fbittorrent-tracker.e-n-c-r-y-p-t.net%3A1337%2Fannounce&tr=udp%3A%2F%2F6ahddutb1ucc3cp.ru%3A6969%2Fannounce&tr=https%3A%2F%2Ftracker.bt4g.com%3A443%2Fannounce,075b7d03ca4f96bae1b0d9efbaf7bd9411821ffe,28 Nov 2026 19:14:50 +0000
Formula.1.2026x116.R22.LasVegasGP.Race.MULTi.1080p.SS,magnet:?xt=urn:btih:10d651b4568aed081a54fa4fda41e4d883738c1d&dn=Formula.1.2026x116.R22.LasVegasGP.Race.MULTi.1080p.SS&tr=udp%3A%2F%2Ftracker.opentrackr.org%3A1337%2Fannounce&tr=udp%3A%2F%2Fopen.demonii.com%3A1337%2Fannounce&tr=udp%3A%2F%2Fopen.stealth.si%3A80%2Fannounce&tr=udp%3A%2F%2Fexodus.desync.com%3A6969%2Fannounce&tr=https%3A%2F%2Ftorrent.tracker.durukanbal.com%3A443%2Fannounce&tr=udp%3A%2F%2Ftracker1.myporn.club%3A9337%2Fannounce&tr=udp%3A%2F%2Ftracker.torrent.eu.org%3A451%2Fannounce&tr=udp%3A%2F%2Ftracker.theoks.net%3A6969%2Fannounce&tr=udp%3A%2F%2Ftracker.srv00.com%3A6969%2Fannounce&tr=udp%3A%2F%2Ftracker.filemail.com%3A6969%2Fannounce&tr=udp%3A%2F%2Ftracker.dler.org%3A6969%2Fannounce&tr=udp%3A%2F%2Ftracker.corpscorp.online%3A80%2Fannounce&tr=udp%3A%2F%2Ftracker.alaskantf.com%3A6969%2Fannounce&tr=udp%3A%2F%2Ftracker-udp.gbitt.info%3A80%2Fannounce&tr=udp%3A%2F%2Ft.overflow.biz%3A6969%2Fannounce&tr=udp%3A%2F%2Fopen.dstud.io%3A6969%2Fannounce&tr=udp%3A%2F%2Fleet-tracker.moe%3A1337%2Fannounce&tr=udp%3A%2F%2Fexplodie.org%3A6969%2Fannounce&tr=udp%3A%2F%2Fbittorrent-tracker.e-n-c-r-y-p-t.net%3A1337%2Fannounce&tr=udp%3A%2F%2F6ahddutb1ucc3cp.ru%3A6969%2Fannounce&tr=https%3A%2F%2Ftracker.bt4g.com%3A443%2Fannounce,10d651b4568aed081a54fa4fda41e4d883738c1d,23 Nov 2026 15:39:29 +0000
Formula.1.2026x115.R22.LasVegasGP.Qualifying.MULTi.1080p.SS,magnet:?xt=urn:btih:728b50837bf590bbb64983571b34ac9a8ac73880&dn=Formula.1.2026x115.R22.LasVegasGP.Qualifying.MULTi.1080p.SS&tr=udp%3A%2F%2Ftracker.opentrackr.org%3A1337%2Fannounce&tr=udp%3A%2F%2Fopen.demonii.com%3A1337%2Fannounce&tr=udp%3A%2F%2Fopen.stealth.si%3A80%2Fannounce&tr=udp%3A%2F%2Fexodus.desync.com%3A6969%2Fannounce&tr=https%3A%2F%2Ftorrent.tracker.durukanbal.com%3A443%2Fannounce&tr=udp%3A%2F%2Ftracker1.myporn.club%3A9337%2Fannounce&tr=udp%3A%2F%2Ftracker.torrent.eu.org%3A451%2Fannounce&tr=udp%3A%2F%2Ftracker.theoks.net%3A6969%2Fannounce&tr=udp%3A%2F%2Ftracker.srv00.com%3A6969%2Fannounce&tr=udp%3A%2F%2Ftracker.filemail.com%3A6969%2Fannounce&tr=udp%3A%2F%2Ftracker.dler.org%3A6969%2Fannounce&tr=udp%3A%2F%2Ftracker.corpscorp.online%3A80%2Fannounce&tr=udp%3A%2F%2Ftracker.alaskantf.com%3A6969%2Fannounce&tr=udp%3A%2F%2Ftracker-udp.gbitt.info%3A80%2Fannounce&tr=udp%3A%2F%2Ft.overflow.biz%3A6969%2Fannounce&tr=udp%3A%2F%2Fopen.dstud.io%3A6969%2Fannounce&tr=udp%3A%2F%2Fleet-tracker.moe%3A1337%2Fannounce&tr=udp%3A%2F%2Fexplodie.org%3A6969%2Fannounce&tr=udp%3A%2F%2Fbittorrent-tracker.e-n-c-r-y-p-t.net%3A1337%2Fannounce&tr=udp%3A%2F%2F6ahddutb1ucc3cp.ru%3A6969%2Fannounce&tr=https%3A%2F%2Ftracker.bt4g.com%3A443%2Fannounce,728b50837bf590bbb64983571b34ac9a8ac73880,22 Nov 2026 07:07:18 +0000
Formula.1.2026x111.R21.BrazilianGP.Race.MULTi.1080p.SS,magnet:?xt=urn:btih:f39b01764857da7270cc9e923fbb45cb63b0c33e&dn=Formula.1.2026x111.R21.BrazilianGP.Race.MULTi.1080p.SS&tr=udp%3A%2F%2Ftracker.opentrackr.org%3A1337%2Fannounce&tr=udp%3A%2F%2Fopen.demonii.com%3A1337%2Fannounce&tr=udp%3A%2F%2Fopen.stealth.si%3A80%2Fannounce&tr=udp%3A%2F%2Fexodus.desync.com%3A6969%2Fannounce&tr=https%3A%2F%2Ftorrent.tracker.durukanbal.com%3A443%2Fannounce&tr=udp%3A%2F%2Ftracker1.myporn.club%3A9337%2Fannounce&tr=udp%3A%2F%2Ftracker.torrent.eu.org%3A451%2Fannounce&tr=udp%3A%2F%2Ftracker.theoks.net%3A6969%2Fannounce&tr=udp%3A%2F%2Ftracker.srv00.com%3A6969%2Fannounce&tr=udp%3A%2F%2Ftracker.filemail.com%3A6969%2Fannounce&tr=udp%3A%2F%2Ftracker.dler.org%3A6969%2Fannounce&tr=udp%3A%2F%2Ftracker.corpscorp.online%3A80%2Fannounce&tr=udp%3A%2F%2Ftracker.alaskantf.com%3A6969%2Fannounce&tr=udp%3A%2F%2Ftracker-udp.gbitt.info%3A80%2Fannounce&tr=udp%3A%2F%2Ft.overflow.biz%3A6969%2Fannounce&tr=udp%3A%2F%2Fopen.dstud.io%3A6969%2Fannounce&tr=udp%3A%2F%2Fleet-tracker.moe%3A1337%2Fannounce&tr=udp%3A%2F%2Fexplodie.org%3A6969%2Fannounce&tr=udp%3A%2F%2Fbittorrent-tracker.e-n-c-r-y-p-t.net%3A1337%2Fannounce&tr=udp%3A%2F%2F6ahddutb1ucc3cp.ru%3A6969%2Fannounce&tr=https%3A%2F%2Ftracker.bt4g.com%3A443%2Fannounce,f39b01764857da7270cc9e923fbb45cb63b0c33e,12 Nov 2026 16:46:29 +0000
Formula.1.2026x110.R21.BrazilianGP.Qualifying.MULTi.1080p.SS,magnet:?xt=urn:btih:29134cf8cd5f1d016d190af409e14f1bcf78845c&dn=Formula.1.2026x110.R21.BrazilianGP.Qualifying.MULTi.1080p.SS&tr=udp%3A%2F%2Ftracker.opentrackr.org%3A1337%2Fannounce&tr=udp%3A%2F%2Fopen.demonii.com%3A1337%2Fannounce&tr=udp%3A%2F%2Fopen.stealth.si%3A80%2Fannounce&tr=udp%3A%2F%2Fexodus.desync.com%3A6969%2Fannounce&tr=https%3A%2F%2Ftorrent.tracker.durukanbal.com%3A443%2Fannounce&tr=udp%3A%2F%2Ftracker1.myporn.club%3A9337%2Fannounce&tr=udp%3A%2F%2Ftracker.torrent.eu.org%3A451%2Fannounce&tr=udp%3A%2F%2Ftracker.theoks.net%3A6969%2Fannounce&tr=udp%3A%2F%2Ftracker.srv00.com%3A6969%2Fannounce&tr=udp%3A%2F%2Ftracker.filemail.com%3A6969%2Fannounce&tr=udp%3A%2F%2Ftracker.dler.org%3A6969%2Fannounce&tr=udp%3A%2F%2Ftracker.corpscorp.online%3A80%2Fannounce&tr=udp%3A%2F%2Ftracker.alaskantf.com%3A6969%2Fannounce&tr=udp%3A%2F%2Ftracker-udp.gbitt.info%3A80%2Fannounce&tr=udp%3A%2F%2Ft.overflow.biz%3A6969%2Fannounce&tr=udp%3A%2F%2Fopen.dstud.io%3A6969%2Fannounce&tr=udp%3A%2F%2Fleet-tracker.moe%3A1337%2Fannounce&tr=udp%3A%2F%2Fexplodie.org%3A6969%2Fannounce&tr=udp%3A%2F%2Fbittorrent-tracker.e-n-c-r-y-p-t.net%3A1337%2Fannounce&tr=udp%3A%2F%2F6ahddutb1ucc3cp.ru%3A6969%2Fannounce&tr=https%3A%2F%2Ftracker.bt4g.com%3A443%2Fannounce,29134cf8cd5f1d016d190af409e14f1bcf78845c,08 Nov 2026 23:29:35 +0000
Formula.1.2026x109.R21.BrazilianGP.Sprint.MULTi.1080p.SS,magnet:?xt=urn:btih:f06afe797af7e3a4e2f8db6be85c350a2ed92859&dn=Formula.1.2026x109.R21.BrazilianGP.Sprint.MULTi.1080p.SS&tr=udp%3A%2F%2Ftracker.opentrackr.org%3A1337%2Fannounce&tr=udp%3A%2F%2Fopen.demonii.com%3A1337%2Fannounce&tr=udp%3A%2F%2Fopen.stealth.si%3A80%2Fannounce&tr=udp%3A%2F%2Fexodus.desync.com%3A6969%2Fannounce&tr=https%3A%2F%2Ftorrent.tracker.durukanbal.com%3A443%2Fannounce&tr=udp%3A%2F%2Ftracker1.myporn.club%3A9337%2Fannounce&tr=udp%3A%2F%2Ftracker.torrent.eu.org%3A451%2Fannounce&tr=udp%3A%2F%2Ftracker.theoks.net%3A6969%2Fannounce&tr=udp%3A%2F%2Ftracker.srv00.com%3A6969%2Fannounce&tr=udp%3A%2F%2Ftracker.filemail.com%3A6969%2Fannounce&tr=udp%3A%2F%2Ftracker.dler.org%3A6969%2Fannounce&tr=udp%3A%2F%2Ftracker.corpscorp.online%3A80%2Fannounce&tr=udp%3A%2F%2Ftracker.alaskantf.com%3A6969%2Fannounce&tr=udp%3A%2F%2Ftracker-udp.gbitt.info%3A80%2Fannounce&tr=udp%3A%2F%2Ft.overflow.biz%3A6969%2Fannounce&tr=udp%3A%2F%2Fopen.dstud.io%3A6969%2Fannounce&tr=udp%3A%2F%2Fleet-tracker.moe%3A1337%2Fannounce&tr=udp%3A%2F%2Fexplodie.org%3A6969%2Fannounce&tr=udp%3A%2F%2Fbittorrent-tracker.e-n-c-r-y-p-t.net%3A1337%2Fannounce&tr=udp%3A%2F%2F6ahddutb1ucc3cp.ru%3A6969%2Fannounce&tr=https%3A%2F%2Ftracker.bt4g.com%3A443%2Fannounce,f06afe797af7e3a4e2f8db6be85c350a2ed92859,08 Nov 2026 16:48:05 +0000
Formula.1.2026x108.R21.BrazilianGP.Sprint.Qualifying.MULTi.1080p.SS,magnet:?xt=urn:btih:94a0f4efd5708549582b6693662f8ac8f25d94ea&dn=Formula.1.2026x108.R21.BrazilianGP.Sprint.Qualifying.MULTi.1080p.SS&tr=udp%3A%2F%2Ftracker.opentrackr.org%3A1337%2Fannounce&tr=udp%3A%2F%2Fopen.demonii.com%3A1337%2Fannounce&tr=udp%3A%2F%2Fopen.stealth.si%3A80%2Fannounce&tr=udp%3A%2F%2Fexodus.desync.com%3A6969%2Fannounce&tr=https%3A%2F%2Ftorrent.tracker.durukanbal.com%3A443%2Fannounce&tr=udp%3A%2F%2Ftracker1.myporn.club%3A9337%2Fannounce&tr=udp%3A%2F%2Ftracker.torrent.eu.org%3A451%2Fannounce&tr=udp%3A%2F%2Ftracker.theoks.net%3A6969%2Fannounce&tr=udp%3A%2F%2Ftracker.srv00.com%3A6969%2Fannounce&tr=udp%3A%2F%2Ftracker.filemail.com%3A6969%2Fannounce&tr=udp%3A%2F%2Ftracker.dler.org%3A6969%2Fannounce&tr=udp%3A%2F%2Ftracker.corpscorp.online%3A80%2Fannounce&tr=udp%3A%2F%2Ftracker.alaskantf.com%3A6969%2Fannounce&tr=udp%3A%2F%2Ftracker-udp.gbitt.info%3A80%2Fannounce&tr=udp%3A%2F%2Ft.overflow.biz%3A6969%2Fannounce&tr=udp%3A%2F%2Fopen.dstud.io%3A6969%2Fannounce&tr=udp%3A%2F%2Fleet-tracker.moe%3A1337%2Fannounce&tr=udp%3A%2F%2Fexplodie.org%3A6969%2Fannounce&tr=udp%3A%2F%2Fbittorrent-tracker.e-n-c-r-y-p-t.net%3A1337%2Fannounce&tr=udp%3A%2F%2F6ahddutb1ucc3cp.ru%3A6969%2Fannounce&tr=https%3A%2F%2Ftracker.bt4g.com%3A443%2Fannounce,94a0f4efd5708549582b6693662f8ac8f25d94ea,08 Nov 2026 14:57:13 +0000
Formula.1.2026x106.R20.MexicanGP.Race.MULTi.1080p.SS,magnet:?xt=urn:btih:5b94eda940877a7144fb4fc83fa64e21e36388d0&dn=Formula.1.2026x106.R20.MexicanGP.Race.MULTi.1080p.SS&tr=udp%3A%2F%2Ftracker.opentrackr.org%3A1337%2Fannounce&tr=udp%3A%2F%2Fopen.demonii.com%3A1337%2Fannounce&tr=udp%3A%2F%2Fopen.stealth.si%3A80%2Fannounce&tr=udp%3A%2F%2Fexodus.desync.com%3A6969%2Fannounce&tr=https%3A%2F%2Ftorrent.tracker.durukanbal.com%3A443%2Fannounce&tr=udp%3A%2F%2Ftracker1.myporn.club%3A9337%2Fannounce&tr=udp%3A%2F%2Ftracker.torrent.eu.org%3A451%2Fannounce&tr=udp%3A%2F%2Ftracker.theoks.net%3A6969%2Fannounce&tr=udp%3A%2F%2Ftracker.srv00.com%3A6969%2Fannounce&tr=udp%3A%2F%2Ftracker.filemail.com%3A6969%2Fannounce&tr=udp%3A%2F%2Ftracker.dler.org%3A6969%2Fannounce&tr=udp%3A%2F%2Ftracker.corpscorp.online%3A80%2Fannounce&tr=udp%3A%2F%2Ftracker.alaskantf.com%3A6969%2Fannounce&tr=udp%3A%2F%2Ftracker-udp.gbitt.info%3A80%2Fannounce&tr=udp%3A%2F%2Ft.overflow.biz%3A6969%2Fannounce&tr=udp%3A%2F%2Fopen.dstud.io%3A6969%2Fannounce&tr=udp%3A%2F%2Fleet-tracker.moe%3A1337%2Fannounce&tr=udp%3A%2F%2Fexplodie.org%3A6969%2Fannounce&tr=udp%3A%2F%2Fbittorrent-tracker.e-n-c-r-y-p-t.net%3A1337%2Fannounce&tr=udp%3A%2F%2F6ahddutb1ucc3cp.ru%3A6969%2Fannounce&tr=https%3A%2F%2Ftracker.bt4g.com%3A443%2Fannounce,5b94eda940877a7144fb4fc83fa64e21e36388d0,26 Oct 2026 23:19:33 +0000
Formula.1.2026x105.R20.MexicanGP.Qualifying.MULTi.1080p.SS,magnet:?xt=urn:btih:0cbfbb06f2f20576a83e7777ad121fa7239b369c&dn=Formula.1.2026x105.R20.MexicanGP.Qualifying.MULTi.1080p.SS&tr=udp%3A%2F%2Ftracker.opentrackr.org%3A1337%2Fannounce&tr=udp%3A%2F%2Fopen.demonii.com%3A1337%2Fannounce&tr=udp%3A%2F%2Fopen.stealth.si%3A80%2Fannounce&tr=udp%3A%2F%2Fexodus.desync.com%3A6969%2Fannounce&tr=https%3A%2F%2Ftorrent.tracker.durukanbal.com%3A443%2Fannounce&tr=udp%3A%2F%2Ftracker1.myporn.club%3A9337%2Fannounce&tr=udp%3A%2F%2Ftracker.torrent.eu.org%3A451%2Fannounce&tr=udp%3A%2F%2Ftracker.theoks.net%3A6969%2Fannounce&tr=udp%3A%2F%2Ftracker.srv00.com%3A6969%2Fannounce&tr=udp%3A%2F%2Ftracker.filemail.com%3A6969%2Fannounce&tr=udp%3A%2F%2Ftracker.dler.org%3A6969%2Fannounce&tr=udp%3A%2F%2Ftracker.corpscorp.online%3A80%2Fannounce&tr=udp%3A%2F%2Ftracker.alaskantf.com%3A6969%2Fannounce&tr=udp%3A%2F%2Ftracker-udp.gbitt.info%3A80%2Fannounce&tr=udp%3A%2F%2Ft.overflow.biz%3A6969%2Fannounce&tr=udp%3A%2F%2Fopen.dstud.io%3A6969%2Fannounce&tr=udp%3A%2F%2Fleet-tracker.moe%3A1337%2Fannounce&tr=udp%3A%2F%2Fexplodie.org%3A6969%2Fannounce&tr=udp%3A%2F%2Fbittorrent-tracker.e-n-c-r-y-p-t.net%3A1337%2Fannounce&tr=udp%3A%2F%2F6ahddutb1ucc3cp.ru%3A6969%2Fannounce&tr=https%3A%2F%2Ftracker.bt4g.com%3A443%2Fannounce,0cbfbb06f2f20576a83e7777ad121fa7239b369c,26 Oct 2026 06:46:28 +0000
Formula.1.2026x101xR19.UnitedStatesGP.Race.MULTi.1080p.SS,magnet:?xt=urn:btih:bb274c155a0d6ad4c4c4d2989b1da68f91228dde&dn=Formula.1.2026x101xR19.UnitedStatesGP.Race.MULTi.1080p.SS&tr=udp%3A%2F%2Ftracker.opentrackr.org%3A1337%2Fannounce&tr=udp%3A%2F%2Fopen.demonii.com%3A1337%2Fannounce&tr=udp%3A%2F%2Fopen.stealth.si%3A80%2Fannounce&tr=udp%3A%2F%2Fexodus.desync.com%3A6969%2Fannounce&tr=https%3A%2F%2Ftorrent.tracker.durukanbal.com%3A443%2Fannounce&tr=udp%3A%2F%2Ftracker1.myporn.club%3A9337%2Fannounce&tr=udp%3A%2F%2Ftracker.torrent.eu.org%3A451%2Fannounce&tr=udp%3A%2F%2Ftracker.theoks.net%3A6969%2Fannounce&tr=udp%3A%2F%2Ftracker.srv00.com%3A6969%2Fannounce&tr=udp%3A%2F%2Ftracker.filemail.com%3A6969%2Fannounce&tr=udp%3A%2F%2Ftracker.dler.org%3A6969%2Fannounce&tr=udp%3A%2F%2Ftracker.corpscorp.online%3A80%2Fannounce&tr=udp%3A%2F%2Ftracker.alaskantf.com%3A6969%2Fannounce&tr=udp%3A%2F%2Ftracker-udp.gbitt.info%3A80%2Fannounce&tr=udp%3A%2F%2Ft.overflow.biz%3A6969%2Fannounce&tr=udp%3A%2F%2Fopen.dstud.io%3A6969%2Fannounce&tr=udp%3A%2F%2Fleet-tracker.moe%3A1337%2Fannounce&tr=udp%3A%2F%2Fexplodie.org%3A6969%2Fannounce&tr=udp%3A%2F%2Fbittorrent-tracker.e-n-c-r-y-p-t.net%3A1337%2Fannounce&tr=udp%3A%2F%2F6ahddutb1ucc3cp.ru%3A6969%2Fannounce&tr=https%3A%2F%2Ftracker.bt4g.com%3A443%2Fannounce,bb274c155a0d6ad4c4c4d2989b1da68f91228dde,19 Oct 2026 21:23:55 +0000
